ID,标签,标题                                        ,问题                                                                                                                  ,答案                                                                                                                                                                            ,省份 ,年份
5 ,0 ,录取+专业                                     ,广东考生28838与去年临床医学专业录取分数相近，但大概率上不了，所以想问一下有什么与临床医学相近的专业（打算大一转专业）？                                                      ,我校医学类专业还有医学影像学，麻醉学，儿科学，精神医学。更多资料可在广州医科大学官方微信公众号查看。建议做好志愿的梯度。去年我校临床专业最低排位28000左右。                                                                                              ,广东 ,2021
6 ,0 ,录取                                        ,你好，本人分数556，排名63256，今年报考贵校生物技术专业录取希望大吗，谢谢。                                                                           ,我校去年录取的生物技术专业最低排位55000.更多资料可在广州医科大学官方微信公众号查看。                                                                                                                                 ,广东 ,2021
7 ,0 ,报考                                        ,湖北物理类考生601位次15971，报考贵校临床医学专业被录取的机会大不？                                                                               ,去年我校录取的湖北考生的临床医学专业最低排位10500左右。更多资料可在广州医科大学官方微信公众号查看。还有其他医学类专业可以选择。                                                                                                            ,湖北 ,2021
8 ,0 ,专业调剂                                      ,请问若考生所选专业均未被录取，在服从调剂的情况下，若其余专业都已慢额或在该省已无其余专业招生名额会被退档吗                                                               ,如果专业组不能录取你，你就不会投档过来。                                                                                                                                                          ,贵州 ,2021
9 ,0 ,录取                                        ,你好，我是历史系考生，排名三万七，被您校录取的可能性大吗？                                                                                       ,去年我校文科考生最低排位21000左右。更多资料可在广州医科大学官方微信公众号查看。                                                                                                                                    ,广东 ,2021
10,0 ,录取                                        ,您好，请问今年贵校在新疆有计划招生吗？文科招生多少人呢？                                                                                        ,我校招生新疆考生是内高班和预科生。                                                                                                                                                             ,新疆 ,2021
11,0 ,录取问题和院校设置问题和临床医学专业问题                      ,您好，我是广东省物理系考生，排位31080，请问能有多大概率能进入贵校的临床医学专业呢？请问贵校是否设有两个临床医学专业呢？请问临床医学设置在哪个校区呢？                                       ,我校只有一个临床医学专业，都在番禺校区。去年临床医学专业最低排位28000左右。我校还有其他医学类专业，例如医学影像学，麻醉学，儿科学，精神医学，预防医学，中西医临床医学等等。更多资料可在广州医科大学官方微信公众号查看。                                                                ,广东 ,2021
12,0 ,录取问题                                      ,广东物理类考生，564，排名54771，今年背贵校录取可能性大吗？                                                                                   ,去年我校录取的理科考生最低排位65000左右。更多资料可在广州医科大学官方微信公众号查看。                                                                                                                                 ,广东 ,2021
13,0 ,专业录取                                      ,请问贵校对校内专业的录取方式是总分录取还是去除政策分之后进行录取？                                                                                   ,有关加分或照顾录取政策，按各省（区、市）有关规定执行。                                                                                                                                                   ,贵州 ,2021
14,0 ,转专业                                       ,贵校转专业有什么限制吗不同专业可以互转吗                                                                                                ,我校新修订的转专业办法要求历史考试不能转入只招物理考生的专业，另外至少要有一门选考科目相同才能转。                                                                                                                             ,广东 ,2021
15,0 ,录取                                        ,湖北物理类考生，590，省排名20160到20575，被贵校录取的可能性大吗？有专业推荐吗？                                                                      ,我校去年录取的湖北考生，最低排位20237，专业是护理学。                                                                                                                                                 ,湖北 ,2021
16,0 ,录取                                        ,您好，我是湖北物理类考生，590，省排名20160到20575，请问被录取可能性大吗？是否需要专业调剂来求稳？                                                             ,我校去年录取的湖北考生最低排位是20237，专业是护理学，供你参考。                                                                                                                                            ,湖北 ,2021
17,0 ,日语                                        ,贵校收日语高考学生吗                                                                                                          ,我校招收日语高考学生，但是我校本科教学的外语课是英语，也就是说是学英语修学分。                                                                                                                                       ,广东 ,2021
18,0 ,了解预防医学                                    ,预防医学到底是学什么的，有什么应用，前景如何。                                                                                             ,相关专业介绍请关注广州医科大学官方微信公众号，近期有各专业的推文发布。                                                                                                                                           ,广东 ,2021
19,0 ,录取                                        ,河南理科考生，590分，省位次33462，超省分数线72分，能有幸被贵校医学系录取吗?可以报临床医学、口腔、眼科、基础医学哪个专业，医学系内服从调剂。                                         ,我校去年录取的河南考生，最低排位是42114，专业是护理学。其他专业排位在15000以内。                                                                                                                                 ,河南 ,2021
5 ,0 ,录取                                        ,物理类424能不能考入贵校，比如说专科累的                                                                                               ,我校是本科批次。                                                                                                                                                                      ,广东 ,2021
6 ,0 ,番禺宿舍                                      ,为什么番禺校区7号楼、8号楼、9号楼三楼宿舍350元/生·学年，其余宿舍住宿费1000元/生·学年？                                                                  ,番禺校区7号楼、8号楼、9号楼三楼宿舍格局与其他宿舍不同。                                                                                                                                                 ,广东 ,2021
7 ,0 ,广州医科大2021口腔医学专业在海南计划招收多少人？                ,老师，我641可以上口腔医学吗？                                                                                                    ,我校今年在海南首次招口腔医学专业，招生计划是1人。去年临床医学排位是2331，口腔医学的分数可能比临床医学还要高，供你参考。                                                                                                                ,海南 ,2021
8 ,0 ,录取                                        ,广东纯理排三万六被录取几率大吗？                                                                                                    ,您的排位可以报考我校多个专业，详情请到广州医科大学官方微信公众号查询我们发布的推文，有往年录取分数线和排位可供参考。                                                                                                                    ,广东 ,2021
9 ,0 ,投档录取比例                                    ,请问贵校投录比是1:1吗？承诺一经提档绝不退档吗                                                                                            ,投档比例是省考试规定，目前不清楚。                                                                                                                                                             ,广东 ,2021
10,0 ,投档录取比例                                    ,请问贵校投录比是1:1吗？承诺一经提档绝不退档吗                                                                                            ,投档比例是省考试院规定的，目前不清楚。                                                                                                                                                           ,广东 ,2021
11,0 ,预科班选专业                                    ,请问在贵校读完预科后是否可以选择临床医学专业                                                                                              ,2022年的预科生转入专业现在没有确定，2021年的预科生转入专业没有临床医学。                                                                                                                                      ,新疆 ,2021
12,0 ,湖北考生614，省排名11211，被贵校临床医学录取的概率大            ,湖北考生614，省排名11211，被贵校临床医学录取的概率大吗                                                                                     ,我校去年录取的湖北考生的临床医学专业，最低排位105914.您的分数报考临床医学，希望较大。                                                                                                                                ,湖北 ,2021
13,0 ,报考咨询                                      ,请问广东高考理科总分398，排名25.5万左右报考贵校有希望吗                                                                                     ,我校往年理科录取最低排位在65000左右。                                                                                                                                                         ,广东 ,2021
14,0 ,录取                                        ,湖南589分，物理系排16265，有希望被贵校临床医学专业录取吗？或者可以报其他医学专业吗？                                                                      ,我校去年录取的湖南考生，临床专业最低排位10872，医学检验技术约21000，食品卫生与营养学约15000，护理学约15000，生物技术约15000。您的分数适合报考这些专业。                                                                                      ,湖南 ,2021
15,0 ,录取                                        ,湖南排16108，589分，报考贵校临床医学专业有可能吗？                                                                                       ,我校去年录取的湖南考生，临床专业最低排位10872，医学检验技术约21000，食品卫生与营养学约15000，护理学约15000，生物技术约15000。您的分数适合报考这些专业。                                                                                      ,湖南 ,2021
16,0 ,录取                                        ,老师您好，投档至贵校，服从调剂且符合体检要求，是否保证予以录取                                                                                     ,投档至我校，服从调剂且符合体检要求，保证予以录取                                                                                                                                                      ,广东 ,2021
17,0 ,广东省物理考生，分数544，排名76074，有希望报考贵校             ,请问广东省物理考生，分数544，排名76074，有希望报考贵校吗？                                                                                   ,我校去年录取最低排位65000，供你参考。                                                                                                                                                         ,广东 ,2021
18,0 ,专项卫生计划                                    ,地方卫生专项计划哪类考生可以填报                                                                                                    ,地方专项是针对某些特定地区的考生，这个问题请到省教育厅，省考试院发布的信息查看。                                                                                                                                      ,广东 ,2021
19,0 ,2020年录取人数                                 ,网上看贵校2020年广东录取人数为16人，为什么会比往年大量减少，今年计划录取人数是多少                                                                        ,请查看我校官方微信公众号，本科招生网发布的数据。                                                                                                                                                      ,广东 ,2021
5 ,0 ,广东省物理考生，分数544，排名76074，有希望报考贵校             ,请问广东省物理考生，分数544，排名76074，有希望报考贵校吗？                                                                                   ,我校去年录取的广东理科最低排位是65000                                                                                                                                                         ,广东 ,2021
6 ,0 ,广东省物理考生，分数544，排名76074，有希望报考贵校             ,请问广东省物理考生，分数544，排名76074，有希望报考贵校吗？                                                                                   ,我校去年录取的广东理科最低排位是65000                                                                                                                                                         ,广东 ,2021
7 ,0 ,录取概率                                      ,你好，想问一下云南考生539分有几率上吗？                                                                                               ,去年我校在云南录取的考生最低排位约24500（理科），供参考                                                                                                                                                ,云南 ,2021
8 ,0 ,色弱可以报医学类专业吗？                              ,您好，请问色弱可以报医学类专业吗？例如临床医学。                                                                                            ,你好，医学类专业不招色弱色盲                                                                                                                                                                ,广东 ,2021
9 ,0 ,广西考生                                      ,请问贵校是否开设预科班如果开设是否在广西招生谢谢                                                                                            ,我校预科班招生新疆考生                                                                                                                                                                   ,广西 ,2021
10,0 ,录取                                        ,广东考生549分，排位71252被贵校录取的机会大吗                                                                                          ,我校去年录取的理科考生最低排位65000，供参考。                                                                                                                                                     ,广东 ,2021
11,0 ,视力问题                                      ,贵校医学检验技术近视可以报考吗                                                                                                     ,学校录取考生的体检标准按照教育部、卫生部、中国残疾人联合会颁布的《普通高等学校招生体检工作指导意见》和《教育部办公厅卫生部办公厅关于普通高等学校招生学生入学身体检查取消乙肝项目检测有关问题的通知》（教学厅〔2010〕2号）的有关规定执行。                                                       ,广东 ,2021
12,0 ,录取                                        ,广东历史类534分，排位26962可以进贵校法学专业吗？                                                                                        ,你好，请参考我校往年录取情况，可在我校本科招生网查询，网址是https://zs.gzhmu.edu.cn/                                                                                                                        ,广东 ,2021
13,0 ,广州医科大学2021年在江西有招生吗?招多少？                   ,广州医科大学2021年在江西有招生吗？招多少？                                                                                             ,你好，今年在江西省有招生，计划是39人，请关注我校官方微信，本科招生网，网址是https://zs.gzhmu.edu.cn/                                                                                                               ,江西 ,2021
14,0 ,录取                                        ,您好！请问江西文科考生577，排名7875，有望录取贵校法学专业吗                                                                                   ,你好，请参考我校往年录取情况，可在我校本科招生网查询，网址是https://zs.gzhmu.edu.cn/                                                                                                                        ,江西 ,2021
15,0 ,口腔医学                                      ,老师您好！湖南考生，文化374，专业228.请问可以报考贵校口腔医学专科吗？谢谢                                                                            ,你好，请参考我校往年录取情况，可在我校本科招生网查询，网址是https://zs.gzhmu.edu.cn/                                                                                                                        ,湖南 ,2021
16,0 ,2021录取线                                   ,贵校临床专业最低录取排名多少？谢谢~！                                                                                                 ,你好，请登录我校招生网查询，网址是https://zs.gzhmu.edu.cn/                                                                                                                                     ,重庆 ,2021
17,0 ,能否报考贵校临床医学专业                              ,老师你好，我是甘肃理科考生，成绩542，本省排名6473.请问可否报考贵校临床医学专业？谢谢！                                                                     ,你好，请参考我校往年录取情况，可在我校本科招生网查询，网址是https://zs.gzhmu.edu.cn/                                                                                                                        ,甘肃 ,2021
18,0 ,录取                                        ,江西考生575位次16700录取几率大吗                                                                                                ,你好，请参考我校往年录取情况，网址https://zs.gzhmu.edu.cn/                                                                                                                                     ,江西 ,2021
19,0 ,能否报读贵校                                    ,恳请老师帮帮我们，我想了解以下，d在春季招生时小孩已经被其他专科学校录取，我想知道还能填志愿报读贵校吗？如果可以，是属于统招专科还是自考专科？主要是想读个本科起点，本科文凭，有这个机会吗？几率是多少？                ,你好，我校全日制本科只招收参加夏季高考的考生                                                                                                                                                        ,广东 ,2021
5 ,0 ,能否报读贵校                                    ,恳请老师帮帮我们，我想了解下，在春季招生时小孩已经被其他专科学校录取，我想知道还能填志愿报读贵校吗？如果可以，是属于统招专科还是自考专科？主要是想读个本科起点，本科文凭，有这个机会吗？                        ,你好，我校的本科只招收参加夏季高考的考生                                                                                                                                                          ,广东 ,2021
6 ,0 ,专业选课限制                                    ,老师你好，今年麻醉学专业选课限制是哪几课？在山东有招生吗？                                                                                       ,考生您好！广州医科大学麻醉学专业开设于2004年，具有麻醉学硕士、博士学位授权点，先后获批省级、校级特色专业，省级人才培养模式创新区，校级卓越人才培养计划项目，校级专业综合改革试点项目等；拥有多门国家级和省级精品优质课程。麻醉学本科主干学科：基础医学、临床医学、麻醉学。主要...[详细]                              ,山东 ,2020
7 ,0 ,广西录取                                      ,广西616分，排名4150多名，能上临床医学吗                                                                                             ,考生您好！我校招生网https://zs.gzhmu.edu.cn/发布了往年各专业的录取分数和排位，您可参考往年的分数和排位进行报考。欢迎报考广州医科大学！欲知更多报考信息，欢迎登陆广州医科大学本科招生网，或致电广州医科大学招生办咨询，电话020-37103483。                                        ,广西 ,2020
8 ,0 ,录取几率                                      ,广东理科考生，排名60666，有机会被贵校录取吗                                                                                            ,考生您好！我校招生网https://zs.gzhmu.edu.cn/发布了往年各专业的录取分数和排位，您可参考往年的分数和排位进行报考。欢迎报考广州医科大学！欲知更多报考信息，欢迎登陆广州医科大学本科招生网，或致电广州医科大学招生办咨询，电话020-37103483。                                        ,广东 ,2020
9 ,0 ,山东考生                                      ,请问在山东招生护理学吗，分数线，选科要求，就业形势，谢谢                                                                                        ,考生您好！广州医科大学护理学教育源于1902年，于2002年开办护理本科教育，2007年开办护理硕士研究生教育，2012年挂靠临床医学专业招收护理学博士研究生，形成了本科、硕士、博士完整的高等护理教育体系。专业先后荣获广东省特色专业、广东省人才培养模式创新试验区、广州市首批名牌专业、广...[详细]                        ,山东 ,2020
10,0 ,河南考生报考                                    ,您好，2020年理科生614分，省排名31866，有希望报考贵校的口腔或者临床吗？谢谢!                                                                        ,考生您好！我校招生网https://zs.gzhmu.edu.cn/发布了往年各专业的录取分数和排位，您可参考往年的分数和排位进行报考。欢迎报考广州医科大学！欲知更多报考信息，欢迎登陆广州医科大学本科招生网，或致电广州医科大学招生办咨询，电话020-37103483。                                        ,河南 ,2020
11,0 ,录取                                        ,理科579位次9170，可以报考贵校预防医学吗？                                                                                            ,考生您好！我校招生网https://zs.gzhmu.edu.cn/发布了往年各专业的录取分数和排位，您可参考往年的分数和排位进行报考。欢迎报考广州医科大学！欲知更多报考信息，欢迎登陆广州医科大学本科招生网，或致电广州医科大学招生办咨询，电话020-37103483。                                        ,贵州 ,2020
12,0 ,广东文科考生                                    ,请问贵校今年招文科专科生吗？我是广东文科考生，请问我文科成绩506分，排位38549，所以想报贵校的文科专科                                                              ,考生您好！我校招生网https://zs.gzhmu.edu.cn/发布了往年各专业的录取分数和排位，您可参考往年的分数和排位进行报考。目前暂无专科的招生门类。欲知更多报考信息，欢迎登陆广州医科大学本科招生网，或致电广州医科大学招生办咨询，电话020-37103483。                                       ,广东 ,2020
13,0 ,广东录取                                      ,请问广东文科生排位26085能报考贵校吗？                                                                                               ,考生您好！我校招生网https://zs.gzhmu.edu.cn/发布了往年各专业的录取分数和排位，您可参考往年的分数和排位进行报考。欢迎报考广州医科大学！欲知更多报考信息，欢迎登陆广州医科大学本科招生网，或致电广州医科大学招生办咨询，电话020-37103483。                                        ,广东 ,2020
14,0 ,专科录取                                      ,山东考生（历史地理生物），高考407，全省位次342222，进去贵校的专科有希望吗，如果有希望能报考什么专业，谢谢麻烦了                                                        ,考生您好！我校2020年在山东省暂无招生名额，感谢关注广州医科大学！                                                                                                                                            ,山东 ,2020
15,0 ,辅修                                        ,文科护理专业可以辅修什么？                                                                                                       ,广州医科大学各专业均有辅修课程，具体细节可登陆广州医科大学教务处网站查询。欢迎报考广州医科大学！欲知更多报考信息，欢迎登陆广州医科大学本科招生网，或致电广州医科大学招生办咨询，电话020-37103483。                                                                       ,安徽 ,2020
16,0 ,能否录取                                      ,"您好，广东考生理科531，排名73040，请问能被贵校录取吗？服从专业调剂,谢谢！"                                                                         ,考生您好！我校招生网https://zs.gzhmu.edu.cn/发布了往年各专业的录取分数和排位，您可参考往年的分数和排位进行报考。欢迎报考广州医科大学！欲知更多报考信息，欢迎登陆广州医科大学本科招生网，或致电广州医科大学招生办咨询，电话020-37103483。                                        ,广东 ,2020
17,0 ,录取                                        ,请问江西569分，5011名，进贵校有百分之几的把握？                                                                                         ,考生您好！我校招生网https://zs.gzhmu.edu.cn/发布了往年各专业的录取分数和排位，您可参考往年的分数和排位进行报考。欢迎报考广州医科大学！预知更多报考信息，欢迎登陆广州医科大学本科招生网，或致电广州医科大学招生办咨询，电话020-37103483。                                        ,江西 ,2020
18,0 ,录取                                        ,请问江西文科569分，5011名有希望进贵校吗？                                                                                            ,考生您好！我校招生网https://zs.gzhmu.edu.cn/发布了往年各专业的录取分数和排位，您可参考往年的分数和排位进行报考。欢迎报考广州医科大学！预知更多报考信息，欢迎登陆广州医科大学本科招生网，或致电广州医科大学招生办咨询，电话020-37103483。                                        ,江西 ,2020
19,0 ,色弱                                        ,色弱能否报考医学类专业                                                                                                         ,根据教育部、卫生部、中国残疾人联合会关于印发《普通高等学校招生体检工作指导意见》，轻度色觉异常（俗称色弱）不宜录取至医学类各专业。故请有色弱的考生，慎重报考医学类各专业。更多报考信息，欢迎登陆广州医科大学本科招生网，或致电广州医科大学招生办咨询，电话020-37103483。                                    ,广东 ,2020
5 ,0 ,我能被录取吗                                    ,我是广东理科考生，分数580，省排位31753，有希望被贵校录取吗                                                                                   ,考生您好！我校招生网https://zs.gzhmu.edu.cn/发布了往年各专业的录取分数和排位，您可参考往年的分数和排位进行报考。另外，按照您的分数和排位，被我校录取的几率比较大，不过具体情况需要依照报考人数而定。更多报考信息，欢迎登陆广州医科大学本科招生网，或致电广州医科大学招生办咨询...[详细]                    ,广东 ,2020
6 ,0 ,转专业                                       ,如果被调剂到不喜欢的专业可以转专业吗？                                                                                                 ,考生您好！我校本科各专业可以互相转专业，学生可以在入学第二学期申请转专业，转专业的具体请到我校教务处网站查询。欢迎报考广州医科大学！预知更多报考信息，欢迎登陆广州医科大学本科招生网，或致电广州医科大学招生办咨询，电话020-37103483。                                                     ,湖南 ,2020
7 ,0 ,招生                                        ,，您好，我想问一下，广东2020理科考生排位48993有机会上贵校医学类什么专业，稳妥吗？谢谢!                                                                    ,考生您好！我校招生网https://zs.gzhmu.edu.cn/发布了往年各专业的录取分数和排位，您可参考往年的分数和排位进行报考。欢迎报考广州医科大学！预知更多报考信息，欢迎登陆广州医科大学本科招生网，或致电广州医科大学招生办咨询，电话020-37103483。                                        ,广东 ,2020
8 ,0 ,投档                                        ,广东文科排位44000左右服从调剂报考贵校机会大吗？                                                                                          ,考生您好！我校招生网https://zs.gzhmu.edu.cn/发布了往年各专业的录取分数和排位，您可参考往年的分数和排位进行报考。欢迎报考广州医科大学！欲知更多报考信息，欢迎登陆广州医科大学本科招生网，或致电广州医科大学招生办咨询，电话020-37103483。                                        ,广东 ,2020
9 ,0 ,转专业                                       ,请问如果被贵校录取调剂到不喜欢的专业，可以转专业吗，具体怎么转？                                                                                    ,考生您好！我校本科各专业可以互相转专业，学生可以在入学第二学期申请转专业，转专业的具体请到我校教务处网站查询。欢迎报考广州医科大学！欲知更多报考信息，欢迎登陆广州医科大学本科招生网，或致电广州医科大学招生办咨询，电话020-37103483。                                                     ,广东 ,2020
10,0 ,海南                                        ,老师好，我是海南考生，高考成绩为585，请问是否可以报考贵校的护理学专业，谢谢。                                                                            ,考生您好！我校招生网https://zs.gzhmu.edu.cn/发布了往年各专业的录取分数和排位，您可参考往年的分数和排位进行报考。欢迎报考广州医科大学！欲知更多报考信息，欢迎登陆广州医科大学本科招生网，或致电广州医科大学招生办咨询，电话020-37103483。                                        ,海南 ,2020
11,0 ,海南648分排名4135可以被贵校录取吗                      ,海南648分排名4135可以被贵校录取吗                                                                                                ,考生您好！我校招生网https://zs.gzhmu.edu.cn/发布了往年各专业的录取分数和排位，您可参考往年的分数和排位进行报考。欢迎报考广州医科大学！欲知更多报考信息，欢迎登陆广州医科大学本科招生网，或致电广州医科大学招生办咨询，电话020-37103483。                                        ,海南 ,2020
12,0 ,广州中医药大学                                   ,你好，我想请问一下贵校是属于中医药大学，那临床专业的就业前景会怎么样呢？                                                                                ,考生您好！广州医科大学（招生代码10570）创办于1958年，是一所以医学为优势和特色，开展博士、硕士、本科多层次人才培养的广东省高水平大学建设高校。我校临床医学专业实力雄厚，ESI排名位居全球前1%，依托于教育部国家重点学科、呼吸疾病国家重点实验室、国家呼吸系统疾病临床医学研究中心...[详细]                         ,广东 ,2020
13,0 ,录取                                        ,你好，我想请问一下省排名在四万五千能被贵校的麻醉学专业录取吗？                                                                                     ,考生您好！我校招生网https://zs.gzhmu.edu.cn/发布了往年各专业的录取分数和排位，您可参考往年的分数和排位进行报考。欢迎报考广州医科大学！欲知更多报考信息，欢迎登陆广州医科大学本科招生网，或致电广州医科大学招生办咨询，电话020-37103483。                                        ,广东 ,2020
14,0 ,录取                                        ,请问广东排位63578能被贵校录取吗                                                                                                  ,考生您好！我校招生网https://zs.gzhmu.edu.cn/发布了往年各专业的录取分数和排位，您可参考往年的分数和排位进行报考。欢迎报考广州医科大学！欲知更多报考信息，欢迎登陆广州医科大学本科招生网，或致电广州医科大学招生办咨询，电话020-37103483。                                        ,广东 ,2020
15,0 ,招生录取                                      ,您好，请问2020安徽601可以报到贵校吗？                                                                                              ,考生您好！我校招生网https://zs.gzhmu.edu.cn/发布了往年各专业的录取分数和排位，您可参考往年的分数和排位进行报考。欢迎报考广州医科大学！欲知更多报考信息，欢迎登陆广州医科大学本科招生网，或致电广州医科大学招生办咨询，电话020-37103483。                                        ,安徽 ,2020
16,0 ,录取                                        ,重庆理科，586，位次10739，想读贵校临床有把握吗                                                                                         ,考生您好！我校招生网https://zs.gzhmu.edu.cn/发布了往年各专业的录取分数和排位，您可参考往年的分数和排位进行报考。欢迎报考广州医科大学！欲知更多报考信息，欢迎登陆广州医科大学本科招生网，或致电广州医科大学招生办咨询，电话020-37103483。                                        ,重庆 ,2020
17,0 ,老师您好！                                     ,本人是一名福建考生，考试分数为537分，理科，在福建省的位次是28647名，专业可被调剂，请问录取的可能性大吗？                                                            ,考生您好！我校招生网https://zs.gzhmu.edu.cn/发布了往年各专业的录取分数和排位，您可参考往年的分数和排位进行报考。欢迎报考广州医科大学！欲知更多报考信息，欢迎登陆广州医科大学本科招生网，或致电广州医科大学招生办咨询，电话020-37103483。                                        ,福建 ,2020
18,0 ,录取                                        ,老师好，天津考生545分排名22084---22428之间，报什么专业能被本校录取?                                                                          ,考生您好！我校在天津暂时没有招生名额，感谢您关注广州医科大学！欲知更多报考信息，欢迎登陆广州医科大学本科招生网，或致电广州医科大学招生办咨询，电话020-37103483。                                                                                        ,天津 ,2020
19,0 ,孩子文科576，能冲该学校么？能上什么专业？录取几率大不大？            ,谢谢！                                                                                                                 ,考生您好！我校招生网https://zs.gzhmu.edu.cn/发布了往年各专业的录取分数和排位，您可参考往年的分数和排位进行报考。欢迎报考广州医科大学！欲知更多报考信息，欢迎登陆广州医科大学本科招生网，或致电广州医科大学招生办咨询，电话020-37103483。                                        ,河南 ,2020
5 ,0 ,招生录取                                      ,贵州理科579位次9047，被贵校临床医学录取概率大吗                                                                                         ,考生您好！我校招生网https://zs.gzhmu.edu.cn/发布了往年各专业的录取分数和排位，您可参考往年的分数和排位进行报考。欢迎报考广州医科大学！欲知更多报考信息，欢迎登陆广州医科大学本科招生网，或致电广州医科大学招生办咨询，电话020-37103483。                                        ,贵州 ,2020
6 ,0 ,你好                                        ,如果分数线未到本科线是否能报靠贵校                                                                                                   ,考生您好！我校招生网https://zs.gzhmu.edu.cn/发布了往年各专业的录取分数和排位，您可参考往年的分数和排位进行报考。欢迎报考广州医科大学！欲知更多报考信息，欢迎登陆广州医科大学本科招生网，或致电广州医科大学招生办咨询，电话020-37103483。                                        ,广东 ,2020
7 ,0 ,咨询                                        ,您好，我是甘肃考生，如果想要到贵校的临床医学，556分，省排名6553，能上吗？                                                                            ,考生您好！我校招生网https://zs.gzhmu.edu.cn/发布了往年各专业的录取分数和排位，您可参考往年的分数和排位进行报考。欢迎报考广州医科大学！欲知更多报考信息，欢迎登陆广州医科大学本科招生网，或致电广州医科大学招生办咨询，电话020-37103483。                                        ,甘肃 ,2020
8 ,0 ,录取                                        ,老师你好河南考生理科分数574排名7万多可以报考贵校医学类专业吗服从调剂                                                                                ,考生您好！我校招生网https://zs.gzhmu.edu.cn/发布了往年各专业的录取分数和排位，您可参考往年的分数和排位进行报考。欢迎报考广州医科大学！欲知更多报考信息，欢迎登陆广州医科大学本科招生网，或致电广州医科大学招生办咨询，电话020-37103483。                                        ,河南 ,2020
9 ,0 ,招生咨询                                      ,请问今年招收医学影像学或检验学专科生吗？录取分数多少？谢谢                                                                                       ,考生您好！我校目前没有专科的招生类别。学校招生网https://zs.gzhmu.edu.cn/发布了往年各专业的录取分数和排位，欢迎关注广州医科大学！欲知更多报考信息，欢迎登陆广州医科大学本科招生网，或致电广州医科大学招生办咨询，电话020-37103483。                                           ,江西 ,2020
10,0 ,录取                                        ,你好，请问一下广东省排位5万2可以报考生物医学工程吗?录取率有多大                                                                                   ,考生您好！我校招生网https://zs.gzhmu.edu.cn/发布了往年各专业的录取分数和排位，您可参考往年的分数和排位进行报考。欢迎报考广州医科大学！欲知更多报考信息，欢迎登陆广州医科大学本科招生网，或致电广州医科大学招生办咨询，电话020-37103483。                                        ,广东 ,2020
11,0 ,专业录取                                      ,贵校每年会有多少人在第二第三专业录取                                                                                                  ,考生您好！根据《广州医科大学2020年夏季普通高考招生章程》，我校文科类、理科类专业分档时，根据各省（区、市）投档规则出档后，实行“分数优先”的录取原则，即根据考生投档总分排位情况从高到低排序录取，先安排排位高的考生的第一专业志愿，若该专业额满，再逐一查看该生的后续专业志愿...[详细]                              ,广东 ,2020
12,0 ,转专业                                       ,教务处网站查询是什么？                                                                                                         ,考生您好！广州医科大学教务处网站发布了《广州医科大学普通全日制本科生转专业实施办法》，您可参考此文件，了解专专业具体要求和流程。                                                                                                              ,广东 ,2020
13,0 ,报考                                        ,你好，老师，请问贵州考生，考分575，位次9962，能报考贵校哪些专业                                                                                 ,考生您好！我校本科各专业可以互相转专业，学生可以在入学第二学期申请转专业，转专业的具体请到我校教务处网站查询。欢迎报考广州医科大学！欲知更多报考信息，欢迎登陆广州医科大学本科招生网，或致电广州医科大学招生办咨询，电话020-37103483。                                                     ,贵州 ,2020
14,0 ,你好                                        ,你好老师我是吉林的考生今年高考成绩是524想学麻醉专业有希望吗                                                                                     ,考生您好！广州医科大学2020年在吉林省暂时没有招生计划。欢迎关注广州医科大学！                                                                                                                                      ,吉林 ,2020
15,0 ,关于地方专项计划的录取问题                             ,请问，地方专项计划录取是在普通录取之前还是之后？考生本可通过普通录取进入贵校的某专业，但第一志愿填的是贵校地方专项计划下的该专业，这样是否会占用地方专项的录取名额？                                  ,考生您好！我校各类招生录取方式的进度严格按照广东省教育考试院的要求开展，具体要求，可查询广东省教育考试院网站、广州医科大学本科招生网，或致电广州医科大学招生办咨询，电话020-37103483。                                                                             ,广东 ,2020
16,0 ,录取                                        ,您好，我是甘肃理科考生，567分，位次5222名，可以被贵校的临床医学录取吗？                                                                             ,考生您好！2019年甘肃省理科录取到广州医科大学临床医学最低分数为549，2019年录取最低分与省控制线（470）分差为79分，供参考。                                                                                                          ,甘肃 ,2020
17,0 ,录取率？                                      ,我是甘肃考生，理工科，全省排名8154.能否上贵校                                                                                           ,考生您好！2019年甘肃省普通类理工科录取到广州医科大学的最低分数为539，超过2019年甘肃省普通类最低录取控制线（470）69分。共参考！欢迎报考广州医科大学！更有疑问，可咨询广州医科大学招生办020-37103483。                                                              ,甘肃 ,2020
18,0 ,临床医学（专科）                                  ,江苏考生，请问贵校今年招收该专业分数是多少                                                                                               ,考生您好！广州医科大学目前没有临床医学专科的招生名额，我校招生网https://zs.gzhmu.edu.cn/发布了往年各专业的录取分数和排位，您可参考往年的分数和排位进行报考。欢迎报考广州医科大学！预知更多报考信息，欢迎登陆广州医科大学本科招生网，或致电广州医科大学招生办咨询，电话020-3710...[详细]                ,江苏 ,2020
19,0 ,录取                                        ,我是广东考生，今年分数为530，可以被贵校录取吗                                                                                            ,考生您好！我校招生网https://zs.gzhmu.edu.cn/发布了往年各专业的录取分数和排位，您可参考往年的分数和排位进行报考。欢迎报考广州医科大学！预知更多报考信息，欢迎登陆广州医科大学本科招生网，或致电广州医科大学招生办咨询，电话020-37103483。                                        ,广东 ,2020
5 ,0 ,湖南省大概多少分能读临床医学                            ,理科湖南省排名多少能进广州医科大学？？谢谢！！                                                                                             ,考生您好！我校招生网https://zs.gzhmu.edu.cn/发布了往年各专业的录取分数和排位，您可参考往年的分数和排位进行报考。其中，2019年湖南省理科录取到广州医科大学最低分数为576，2019年录取最低分与省控制线（500）分差为76分，供参考。欢迎报考广州医科大学！预知更多报考信息，欢迎登陆广...[详细]            ,湖南 ,2020
6 ,0 ,广州医科大学                                    ,你好，广东今年扩招吗？口腔医学和临床医学（5年）大概最低省排名多少能进？招生人数分别是多少？我的排名是32225.                                                           ,考生您好！我校招生网https://zs.gzhmu.edu.cn/发布了广东省2020年招生计划和往年各专业的录取分数和排位，您可参考往年的分数和排位进行报考。欢迎报考广州医科大学！预知更多报考信息，欢迎登陆广州医科大学本科招生网，或致电广州医科大学招生办咨询，电话020-37103483。                           ,广东 ,2020
7 ,0 ,扩招                                        ,你好，我是广东考试，今年省排54000左右，今年扩招有机会被贵校录取吗？                                                                                ,考生您好！我校招生网https://zs.gzhmu.edu.cn/发布了往年各专业的录取分数和排位，您可参考往年的分数和排位进行报考。欢迎报考广州医科大学！预知更多报考信息，欢迎登陆广州医科大学本科招生网，或致电广州医科大学招生办咨询，电话020-37103483。                                        ,广东 ,2020
8 ,0 ,扩招                                        ,你好，我是广东考试，今年省排54000左右，今年扩招有机会被贵校录取吗？                                                                                ,考生您好！我校招生网https://zs.gzhmu.edu.cn/发布了往年各专业的录取分数和排位，您可参考往年的分数和排位进行报考。欢迎报考广州医科大学！预知更多报考信息，欢迎登陆广州医科大学本科招生网，或致电广州医科大学招生办咨询，电话020-37103483。                                        ,广东 ,2020
9 ,0 ,广州中医药大学                                   ,你好，广东考生理科531，排名73040，请问能上贵校吗？服从调剂专业                                                                                 ,考生您好！广州医科大学在招生网https://zs.gzhmu.edu.cn/发布了往年各专业的录取分数和排位，您可参考往年的分数和排位进行报考。欢迎报考广州医科大学！预知更多报考信息，欢迎登陆广州医科大学本科招生网，或致电广州医科大学招生办咨询，电话020-37103483。                                   ,广东 ,2020
10,0 ,广州医科大学                                    ,你好，广东考生理科531，排名73040，请问能上贵校吗                                                                                        ,考生您好！我校招生网https://zs.gzhmu.edu.cn/发布了往年各专业的录取分数和排位，您可参考往年的分数和排位进行报考。欢迎报考广州医科大学！预知更多报考信息，欢迎登陆广州医科大学本科招生网，或致电广州医科大学招生办咨询，电话020-37103483。                                        ,广东 ,2020
11,0 ,扩招                                        ,重庆今年扩招吗？临床五年招多少人？大概最低市排名多少能录五年临床？                                                                                   ,考生：您好！我校2019年在重庆市招收临床医学、中西医临床医学、预防医学、生物医学工程四个专业，其中临床医学2019年最低录取分数线为603分，超过2019年重庆市最低控制线（525）78分。我校2020年在重庆市招生计划与2019年基本持平。获取更多详细信息，可关注我校招生网（https://zs.gzhmu.e...[详细]         ,重庆 ,2020
12,0 ,招生问题                                      ,1.今年在广东省内招收多少人2.专业的排序是否会有加减分3.服从专业调剂后，想转专业，能否转到心仪的专业                                                                ,考生：您好！我校2020年计划在广东省招收1700人，其中普通类理科1520人。我校专业志愿按分数优先原则，结合专业要求，实行平行志愿录取，不设志愿级差。考生所有填报的专业均未被录取时，如服从专业调剂，则调剂到招生计划有空额的专业录取。已投档至我校的考生，在体检合格且服从专业调剂的...[详细]                          ,广东 ,2020
13,0 ,扩招                                        ,今年在重庆扩招吗？临床五年大概录取多少人呢？                                                                                              ,考生：您好！我校2020年在重庆市招收临床医学、中西医临床医学、预防医学、生物医学工程四个专业，共招收18人。详细信息可关注我校招生网（https://zs.gzhmu.edu.cn/）或“广州医科大学”微信公众号。欢迎报考广州医科大学！                                                       ,重庆 ,2020
14,0 ,报考中医药专业                                   ,文科生可以报考贵校的中医药专业吗？                                                                                                   ,考生，您好！我校跟中医相关的专业有“中西医临床医学”专业，2020年可招收普通类文科的考生。详细信息可关注我校招生网（https://zs.gzhmu.edu.cn/）或“广州医科大学”微信公众号。欢迎报考广州医科大学！                                                                ,广东 ,2020
15,0 ,报考                                        ,老师您好，我今年文科，考了572分，有希望报考贵校吗                                                                                          ,我校在各省历年的录取情况可在我校招生网（https://zs.gzhmu.edu.cn/）查询，您可查询您所在省份的历年录取数据。                                                                                                             ,河南 ,2019
16,0 ,口腔医学(专科类)                                 ,您好，请问这个专业需要多少分才能被录取呢？                                                                                               ,我校在各省历年的录取情况可在我校招生网（https://zs.gzhmu.edu.cn/）查询，您可查询您所在省份的历年录取数据。                                                                                                             ,广东 ,2019
17,0 ,录取问题                                      ,广东考生理科517，排名54928，能上贵校吗                                                                                             ,我校在各省历年的录取情况可在我校招生网（https://zs.gzhmu.edu.cn/）查询，您可查询您所在省份的历年录取数据。我校2018年普通类理科录取最低排位是53525.                                                                                    ,广东 ,2019
18,0 ,排名多少可以进入贵校？                               ,您好，请问在江西排名16495是否有希望进入贵校？                                                                                           ,我校2018年录取最低分：一本理科597分，比一本线高70分；一本文科588分，比一本线高20分；国家专项理科570分，比控制线高43分。                                                                                                         ,江西 ,2019
19,0 ,专业调剂                                      ,你好，请问如果贵校在重庆市只招某几个专业，那么当要专业调剂时所调配到的专业是贵校的所有专业中未满额的呢，还是在重庆市所招的专业中未满额的                                                ,在重庆市所招的专业中未满额的专业中调剂                                                                                                                                                           ,重庆 ,2019
5 ,0 ,请教填报贵校                                    ,您好，我是广东省一名文科考生，今年528分，请问可以报考贵校吗                                                                                     ,我校2018年文科投档最低排位是17520.                                                                                                                                                        ,广东 ,2019
6 ,0 ,志愿咨询                                      ,老师您好，我是一名青海的理科考生，且为农村户口，高考成绩为498，位次为2744，如果想填报贵校的话，录取的可能性大吗                                                         ,我校2018年在青海录取最低分是一本理科492分，比一本线高89分。                                                                                                                                            ,青海 ,2019
7 ,0 ,江西理科考生                                    ,江西理科考生591省排9672请问能上贵校吗                                                                                              ,我校2018年在江西录取最低分理科597分，比一本线高70分                                                                                                                                                ,江西 ,2019
8 ,0 ,您好我是广东文科生545分排名两万名上下有希望报考吗                ,您好我是广东文科生545分排名两万名上下有希望报考贵校吗                                                                                        ,我校2018年在广东文科最低出档排位是17520.                                                                                                                                                     ,广东 ,2019
9 ,0 ,咨询                                        ,您好请问贵校对内蒙古专科录取分数线                                                                                                   ,我校在内蒙古没有招专科。                                                                                                                                                                  ,内蒙古,2019
10,0 ,四川理科考生                                    ,四川理科考生，今年高考分数484，二本，能报考贵校临床医学吗？                                                                                     ,我校没有四川招生计划。                                                                                                                                                                   ,四川 ,2019
11,0 ,专科分数线                                     ,想问一下，你今年的专科分数线是多少                                                                                                   ,我校没有专科招生计划。                                                                                                                                                                   ,广东 ,2019
12,0 ,专科分数线                                     ,想问一下，你今年的专科分数线是多少                                                                                                   ,我校没有专科招生计划。                                                                                                                                                                   ,广东 ,2019
13,0 ,2019年浙江淳安考生分数639，位次15734。                 ,2019年浙江淳安考生分数639，位次15734。有希望上临床医学吗?有可能被退档吗？                                                                         ,我校去年临床医学临床医学录取最低分632分。体检合格的投档考生不会被退档。                                                                                                                                         ,浙江 ,2019
14,0 ,报考临床医学                                    ,老师好！河南考生，理科588分，位次22262，能否报考贵校的临床医学？                                                                                ,我校2018年河南招生计划为一本理科21人，文科6人。2017年临床医学录取最低分：一本理科568分，比一本线高84分。你可以参考一下。咨询更多问题请加入我校招生QQ群85559574                                                                                  ,河南 ,2018
15,0 ,报考咨询广东理科，467分，排名103039                    ,老师你好，广东考生，理科，女，467分，排名103039，想报考贵校，请问有没有被录取的机会？                                                                     ,我校前两年广东省录取最低排位在44000左右，你今年报考我校可能希望不大                                                                                                                                          ,广东 ,2018
16,0 ,报考问题                                      ,你好，我是河南一考生想问贵校麻醉学今年是否在豫招生，超出一本线50分有无可能，谢谢                                                                           ,河南：2018年招生计划一本理科21人，文科6人。没有招收麻醉学专业，具体专业见我校招生网http://zs.gzhmu.edu.cn/。2017年录取最低分：一本理科551分，比一本线高67分；一本文科539分，比一本线高23分。                                                          ,河南 ,2018
17,0 ,咨询                                        ,您好贵校的（生物医学工程）专业代码是什么？怎么在这里找不到？以（广东省２０１８普通高等学校招生专业目录）此书为准可以吗？                                                        ,可以的，有更多问题可加入我校QQ招生咨询群85559574                                                                                                                                                 ,广东 ,2018
18,0 ,湖南考生                                      ,贵校今年在湖南招二本专业的学生吗                                                                                                    ,我校只有一本招生计划                                                                                                                                                                    ,湖南 ,2018
19,0 ,湖南考生，超一本线97分，立志临床医学专业，请问今年能被贵校            ,湖南考生，超一本线97分，立志临床医学专业，请问今年能被贵校的临床医学专业录取吗？                                                                           ,我校2018年湖南招生计划一本理科23人，文科8人，国家专项理科10人。2017年录取最低分：一本理科571分，比一本线高66分；一本文科568分，比一本线高20分；国家专项理科554分，比控制线高49分。2017年临床医学录取最低分：一本理科587分，比一本线高82分。你可以参考一下                               ,湖南 ,2018
5 ,0 ,湖北理科考生579可以报贵校吗？谢谢！                       ,湖北理科考生579可以报贵校吗？谢谢！                                                                                                 ,我校2018年湖北一本理科招生计划16人。2017年录取最低分：一本理科569分，比一本线高85分。你可以参考一下                                                                                                                     ,湖北 ,2018
6 ,0 ,咨询                                        ,老师好，我是广东考生，文科560，排位12911，有可能被录取吗                                                                                    ,我校2016年广东省录取文科最低分514，最低排位17026；2017年广东省录取文科最低分523，最低排位15686。你今年报考我校还是很有希望的                                                                                                    ,广东 ,2018
7 ,0 ,临床医学                                      ,您好，我是广东理科考生，总分560，排名25061，请问报临床医学，进入钟南山班的机会大吗？或者以后有机会轮换吗？                                                           ,南山班的详细信息请加入我校QQ招生群85559574，有详细介绍。                                                                                                                                             ,广东 ,2018
8 ,0 ,我是广东考生，今年文科558分，排名是13738，咨询情况             ,我是广东考生，今年文科558分，排名是13738，进入贵校的几率大不大，我是文科生，能够读什么专业比较合适                                                               ,我校2016年广东省录取文科最低分514，最低排位17026；2017年广东省录取文科最低分523，最低排位15686。你今年报考我校还是很有希望的。我校今年文科招生专业有康复治疗学、中西医临床医学、护理学、法学、应用心理学、公共事业管理、市场营销，你可以根据自己的兴趣选报志愿。想要咨询更多问...[详细]                    ,广东 ,2018
9 ,0 ,报考                                        ,我是广东理工515分，排名56000，有希望报读贵校吗？                                                                                        ,我校2016年广东理科录取最低分为527，最低排位42745，2017年广东理科录取最低分为509，最低排位44617，你今年的排位报我校估计有点危险                                                                                                   ,广东 ,2018
10,0 ,咨询                                        ,我是今年广州理科生，超一本线11分，可以报贵大学吗？谢谢！                                                                                       ,以下是我校在广东省2018招生计划和前两年各专业录取信息：临床医学：2018年招生计划一本理科445人，农村专项理科5人。2016年录取最低分一本理科546分，最低排位29338；2017年录取最低分一本理科532分，最低排位28628。2016年录取最低分农村专项理科539分，最低排位33758；2017年录取最低分农...[详细]      ,广东 ,2018
11,0 ,贵校2018年在湖南的招生计划                           ,贵校2018年在湖南的招生计划?                                                                                                    ,以下是我校在湖南2018招生计划和2017年各专业录取信息：2018年招生计划一本理科23人，文科8人，国家专项理科10人。2017年录取最低分：一本理科571分，比一本线高66分；一本文科568分，比一本线高20分；国家专项理科554分，比控制线高49分。临床医学：一本理科587分，比一本线高82分。护理学：...[详细]           ,湖南 ,2018
12,0 ,招生                                        ,老师您好，我是湖南理科考生。请问，今年贵校在湘是否有招生计划？去年贵校在湘各专业录取分数线是多少？（是专业录取分数线喔）谢谢                                                      ,我校2014年在湖南的招生计划是27个，具体分专业计划和近年的录取分数参考我校招生网http://210.38.57.40/                                                                                                                ,湖南 ,2014
13,0 ,广东第一批两个志愿组的专业录取问题                         ,您好！我是广东的理科考生。广东第一批有两个志愿组，各有三个院校。如果贵校在第一志愿组未录满，将参加第二志愿组的录取。我的问题是：在分配专业时，是将第一、第二两个志愿组一起分配？还是第二志愿组只分配第一志愿组剩余的专业？请赐教，谢谢！,专业录取是先录取第一志愿组的考生，第一志愿组未录满的专业才录第二志愿组的考生。                                                                                                                                       ,广东 ,2014
14,0 ,专业咨询                                      ,老师您好！请问下今年医学影像专业今年如何招生，招生是多少，较去年有扩招吗？此专业超重本线大约多少分？非常期待您的回复，感谢！                                                      ,医学影像学今年广东招生100人，比2013年增加40人，超过重本线可以报考。                                                                                                                                        ,广东 ,2014
15,0 ,临床医学专科本科                                  ,请问考入贵校临床医学专科后，如果学习勤力优秀，将来有没途径升入考入贵校的临床医学本科？另外，本人对整形外科比较感兴趣，这个是要等到临床医学毕业后再考研才能接触到的吗？谢谢                               ,我校不招收临床医学专插本，本专科临床医学内外妇儿都会学。                                                                                                                                                  ,广东 ,2014
16,0 ,广州医科大学                                    ,请问广州医科大学上一年临床医学的投档分数线是多少，我是广东考生，是不是首选第一志愿？今年是一本分数线级别吗？                                                              ,我校2013年投档线是583分，临床医学录取分数是593分，今年文理科重点线上考生大胆填报我校，录取几率极大；                                                                                                                       ,广东 ,2014
17,0 ,？                                         ,您好！我是广东理科生，分数555.请问能否上贵校？                                                                                           ,请参考我校近三年的录取分数http://210.38.57.40/zsw                                                                                                                                          ,广东 ,2013
18,0 ,录取                                        ,你好！我是广州增城学生，我是594分高重本20分，报贵校的临床专业机会大吗？麻烦老师替我解答，谢谢                                                                   ,请参照我校近三年的录取分数http://210.38.57.40/zsw                                                                                                                                          ,广东 ,2013
19,0 ,请问：                                       ,老师您好！我是福建理科考生。我想咨询下，贵校在福建省招临床医学，是不是到了该专业的投档分，就会被录取？？会不会存在被退档的情况？没有专业调剂这项吧？                                          ,我校今年在福建录取的专业有临床医学医学检验技术护理学生物技术，如果投档数比录取人数多我校的录取原则是分数优先，录取原则请查阅我校招生章程。                                                                                                         ,北京 ,2013
5 ,0 ,报考                                        ,我是广东考生，考了546，能报贵校吗？                                                                                                 ,请参照我校近三年的录取分数http://210.38.57.40/zsw                                                                                                                                          ,广东 ,2013
6 ,0 ,2013高考云南招生分数                              ,请问2013年贵校在云南招生的分数线大概是多少？                                                                                            ,请参照我校近三年的录取分数http://210.38.57.40/zsw                                                                                                                                          ,云南 ,2013
7 ,0 ,录取概率咨询                                    ,您好！我是云南理科考生，高考成绩586，超过1本线91分，请问报考贵校有无希望？报考什么专业合适呢？多谢。                                                               ,请参照我校近三年的录取分数http://210.38.57.40/zsw                                                                                                                                          ,云南 ,2013
8 ,0 ,安徽考生                                      ,老师好!我今年理科考了537分，高一本线47分，在全省16680名，第一志愿填临床医学专业，能贵校能被录取吗？                                                             ,请参照我校近三年的录取分数http://210.38.57.40/zsw                                                                                                                                          ,安徽 ,2013
9 ,0 ,今年的招生计划有增加吗？                              ,您好！今年广东省的一批扩招，贵校有部分专业是在一批招生，我想知道是总的招生人数增加，还是只是将一部分2A的人数调配到一本招生，而总的招生计划与去年持平？                                        ,我校今年增加500个招生计划，全部在一本招生。                                                                                                                                                       ,广东 ,2013
10,0 ,本院校属于几本                                   ,我是河南理科考生考了406分能否报考此院校的医学专业                                                                                          ,请参照我校近三年的录取分数http://210.38.57.40/zsw                                                                                                                                          ,河南 ,2013
11,0 ,山西                                        ,老师我是山西的一名理科考生（非艺体），考了477高出二本线37分被该校录取的几率大吗？谢谢                                                                       ,请参照我校近三年的录取分数http://210.38.57.40/zsw                                                                                                                                          ,山西 ,2013
12,0 ,专业咨询                                      ,广州医科大学的老师你好，我是广东一名理科考生，高考成绩为591分，报考贵校的临床医学机会大吗？毕业后可在那里就业？                                                           ,请参照我校近三年的录取分数http://210.38.57.40/zsw                                                                                                                                          ,广东 ,2013
13,0 ,深圳考生                                      ,您好554分能上您们的学校                                                                                                       ,请参照我校近三年的录取分数http://210.38.57.40/zsw                                                                                                                                          ,广东 ,2013
14,0 ,咨询                                        ,老师你好，请问1.今年的临床医学（儿科学）专业属于一本专业吗？2.广东理科600分报考贵校什么专业比较保险？谢谢！                                                           ,我校今年临床医学不设方向，录取分数请参照我校近三年的录取分数http://210.38.57.40/zsw                                                                                                                         ,广东 ,2013
15,0 ,咨询                                        ,老师您好。我是河南考生，今年报考贵校一本临床医学5年制，大概需要高出一本线多少分会被录取？                                                                       ,录取分数请参照我校近三年的录取分数http://210.38.57.40/zsw                                                                                                                                      ,河南 ,2013
16,0 ,广东省理科考生594，排位20861                        ,请问老师，我这个分数报贵校临床医学胜算大吗，如果有危险，贵校今年升为一本的影像学，药学等专业又有多大的机会，服从调剂的话会不会被安排到2A的冷门专业，谢谢                                       ,我校今年本科在第一批录取，录取分数请参照我校近三年的录取分数http://210.38.57.40/zsw                                                                                                                         ,广东 ,2013
17,0 ,临床医学                                      ,你好。我想问问2012年专科临床医学的最低分数线是多少？还有投档人数是超了多少？                                                                            ,录取分数请参照我校近三年的录取分数http://210.38.57.40/zsw                                                                                                                                      ,广东 ,2013
18,0 ,医学检验技术(专科类)                               ,我是广东的理科生，比2B线高5分，成绩为485，可以报读医学检验技术(专科类)吗？                                                                           ,录取分数请参照我校近三年的录取分数http://210.38.57.40/zsw                                                                                                                                      ,广东 ,2013
19,0 ,咨询                                        ,您好：我是文科考生，总分为422，可以被录取吗？                                                                                            ,录取分数请参照我校近三年的录取分数http://210.38.57.40/zsw                                                                                                                                      ,广东 ,2013
5 ,0 ,咨询                                        ,专B能否报读吗？                                                                                                            ,录取分数请参照我校近三年的录取分数http://210.38.57.40/zsw                                                                                                                                      ,广东 ,2013
6 ,0 ,报考                                        ,你好，请问市外文科570分被录取的机会大吗？谢谢~                                                                                           ,录取分数请参照我校近三年的录取分数http://210.38.57.40/zsw                                                                                                                                      ,广东 ,2013
7 ,0 ,咨询                                        ,老师您好，我是福建理科考生，今年高考成绩566，高出一本线65分，排名为10860，请问报考你们学校哪些专业被录取的可能性大吗？                                                    ,录取分数请参照我校近三年的录取分数http://210.38.57.40/zsw                                                                                                                                      ,福建 ,2013
8 ,0 ,福建考生咨询                                    ,老师您好，我是福建理科考生，今年高考成绩566，高出一本线65分，排名为10860，请问报考你们学校哪些专业被录取的可能性大吗？                                                    ,录取分数请参照我校近三年的录取分数http://210.38.57.40/zsw                                                                                                                                      ,福建 ,2013
9 ,0 ,福建考生咨询                                    ,老师您好，我是福建理科考生，今年高考成绩655，高出一本线65分，排名为10860，请问报考你们学校被录取的可能性大吗？                                                        ,录取分数请参照我校近三年的录取分数http://210.38.57.40/zsw                                                                                                                                      ,福建 ,2013
10,0 ,咨询                                        ,老师您好，我是贵州理科考生，今年高考高出一本线81分，排名为5648，请问被录取的可能性大吗？                                                                     ,录取分数请参照我校近三年的录取分数http://210.38.57.40/zsw                                                                                                                                      ,贵州 ,2013
11,0 ,关于助产专业的.                                  ,各位老师你们好..我今年文科考了511能否报该校是助产专业??是否有风险?                                                                               ,录取分数请参照我校近三年的录取分数http://210.38.57.40/zsw                                                                                                                                      ,广东 ,2013
12,0 ,关于助产                                      ,老师们你们好请问我文科考了511能否报考该校的助产专业是否有风险?/                                                                                  ,录取分数请参照我校近三年的录取分数http://210.38.57.40/zsw                                                                                                                                      ,广东 ,2013
13,0 ,咨询                                        ,我是一名理科生，514分可不可以报广东医科大学或是补录进去？                                                                                      ,录取分数请参照我校近三年的录取分数http://210.38.57.40/zsw                                                                                                                                      ,广东 ,2013
14,0 ,咨询                                        ,我是理科生，请问广东医科大学2013年有补录吗？                                                                                            ,我校2013年没有补录。录取分数请参照我校近三年的录取分数http://210.38.57.40/zsw                                                                                                                          ,广东 ,2013
15,0 ,广东生源，口腔科和临床科去年最低投档线是多少？                   ,请问，广东生源，口腔科和临床科去年最低投档线是多少？                                                                                          ,录取分数请参照我校近三年的录取分数http://210.38.57.40/zsw                                                                                                                                      ,广东 ,2013
16,0 ,录取咨询                                      ,我是广东汕头考生，比高考一本高六分，想报临床或麻醉或影像，录取几率大吗？                                                                                ,录取分数请参照我校近三年的录取分数http://210.38.57.40/zsw                                                                                                                                      ,广东 ,2013
17,0 ,报考咨询                                      ,老师，我是广东文科生，553能报贵校吗？                                                                                                ,录取分数请参照我校近三年的录取分数http://210.38.57.40/zsw                                                                                                                                      ,广东 ,2013
18,0 ,报考咨询                                      ,我是广东考生，553能报贵校吗？                                                                                                    ,录取分数请参照我校近三年的录取分数http://210.38.57.40/zsw                                                                                                                                      ,广东 ,2013
19,0 ,录取咨询                                      ,您好！我是广东文科生570分请问被贵校录取的希望大吗？                                                                                         ,录取分数请参照我校近三年的录取分数http://210.38.57.40/zsw                                                                                                                                      ,广东 ,2013
5 ,0 ,专科院校可以专插本或专升本吗                            ,请问如果报读贵校专科院校可以专插本或专升本吗？                                                                                             ,录取分数请参照我校近三年的录取分数http://210.38.57.40/zsw                                                                                                                                      ,广东 ,2013
6 ,0 ,咨询                                        ,我是广东文科生，考了474分，是否能进贵校！？报贵校，录取几率有多大？？                                                                                ,录取分数请参照我校近三年的录取分数http://210.38.57.40/zsw                                                                                                                                      ,广东 ,2013
7 ,0 ,纠结中                                       ,我是广东理科生，考了538分，排名74844，被贵姓录取的可能性大吗？                                                                                 ,录取分数请参照我校近三年的录取分数http://210.38.57.40/zsw                                                                                                                                      ,广东 ,2013
8 ,0 ,超过2本52分可报考贵校的哪些好专业                        ,2本高分生可以冲贵校的一本专业么？                                                                                                   ,录取分数请参照我校近三年的录取分数http://210.38.57.40/zsw                                                                                                                                      ,广东 ,2013
9 ,0 ,护理学专业                                     ,我文科572，报护理学行吗？护理学前途怎样？真的做护士？工资多少左右                                                                                  ,录取分数请参照我校近三年的录取分数http://210.38.57.40/zsw，护理学近年的就业率都是100%，护士的工资不同的医院不同，要根据医院的效益来定的。                                                                                            ,广东 ,2013
10,0 ,奖学金                                       ,文科有奖学金吗？条件？                                                                                                         ,第二十八条本科优秀新生奖学金：（一）优秀外省新生奖学金。报考我校的广东省外本科考生，投档分在所有录取我校的该省考生中排名第一的（内地新疆班考生按录取折算方法折算后的分数排名），报到注册后奖励相当于该生所属专业一年学费的奖学金。（二）优秀广东省新生奖学金。在我校录取的广东...[详细]                                ,广东 ,2013
11,0 ,转专业                                       ,文科只能转文科专业？转专业很难吗？条件？                                                                                                ,我校本科生可以在入学第二学期按相关规定申请转专业，具体请到我校教务处网站参看转专业的相关规定。                                                                                                                               ,广东 ,2013
12,0 ,广州考生啊                                     ,本人文科573报有风险吗？                                                                                                       ,录取分数请参照我校近三年的录取情况。http://210.38.57.40/zsw                                                                                                                                     ,广东 ,2013
13,0 ,能转专业吗？                                    ,文科只能转文科专业吗？不能转医科类的吗？怎样才能转？                                                                                          ,我校本科生可以在入学第二学期按相关规定申请转专业，具体请到我校教务处网站参看转专业的相关规定。                                                                                                                               ,广东 ,2013
14,0 ,文科广州生                                     ,573报是否可以？报护理学和法学有没有风险？                                                                                              ,录取分数请参照我校近三年的录取情况。http://210.38.57.40/zsw                                                                                                                                     ,广东 ,2013
15,0 ,有没有开设奖学金                                  ,奖学金要求怎样                                                                                                             ,（一）优秀外省新生奖学金。报考我校的广东省外本科考生，投档分在所有录取我校的该省考生中排名第一的（内地新疆班考生按录取折算方法折算后的分数排名），报到注册后奖励相当于该生所属专业一年学费的奖学金。（二）优秀广东省新生奖学金。在我校录取的广东省生源本科新生中，理科生投档分...[详细]                                ,广东 ,2013
16,0 ,本人广州的                                     ,573报法学或护理学专业能行吗？                                                                                                    ,录取分数请参照我校近三年的录取情况。http://210.38.57.40/zsw                                                                                                                                     ,广东 ,2013
17,0 ,报考咨询                                      ,我是广东的考生，高考总分为553，能否报考贵校呢？                                                                                           ,录取分数请参照我校近三年的录取情况。http://210.38.57.40/zsw                                                                                                                                     ,广东 ,2013
18,0 ,请问色弱可以报考临床医学吗                             ,请问色弱可以报考临床医学吗                                                                                                       ,不可以                                                                                                                                                                           ,广东 ,2013
19,0 ,.                                         ,请问2A的544理科生报该校外语类或经济类专业学校录取概率高吗                                                                                     ,我校本科专业在一本录取。                                                                                                                                                                  ,广东 ,2013
5 ,0 ,咨询                                        ,文科480可以填贵校3A专业吗？录取把握大吗？                                                                                             ,录取分数请参照我校近三年的录取情况。http://210.38.57.40/zsw                                                                                                                                     ,广东 ,2013
6 ,0 ,。                                         ,请问我理科544适宜报该校的金融类或外语类学校吗                                                                                            ,录取分数请参照我校近三年的录取情况。http://210.38.57.40/zsw                                                                                                                                     ,广东 ,2013
7 ,0 ,咨询                                        ,请问广州文科考生566，达到2A线报考贵校护理学专业的录取几率有多大?去年该专业的最低排位是多少?如果要服从专业分配会调剂到哪些专业?                                                 ,录取分数请参照我校近三年的录取情况。http://210.38.57.40/zsw                                                                                                                                     ,广东 ,2013
8 ,0 ,咨询                                        ,贵校有否本硕连读的专业？                                                                                                        ,没有。                                                                                                                                                                           ,广东 ,2013
9 ,0 ,咨询                                        ,我考了556分，理科，能否进入贵校（非广州市），若能，大概可选什么专业？                                                                                ,录取分数请参照我校近三年的录取情况。http://210.38.57.40/zsw                                                                                                                                     ,广东 ,2013
10,0 ,您好，我是本省外市的理科考生，今年成绩只有520                  ,我是2013年广东省的理科应届考生，今年的高考成绩只有520报贵校的护理专业有希望吗，我不是广州市的。谢谢                                                               ,录取分数请参照我校近三年的录取情况。http://210.38.57.40/zsw                                                                                                                                     ,广东 ,2013
11,0 ,能否录取                                      ,老师您好，我是福建理科考生，分数541，高本一线四十分。能否报贵校？如果可以，可以报什么专业？                                                                     ,录取分数请参照我校近三年的录取情况。http://210.38.57.40/zsw                                                                                                                                     ,福建 ,2013
12,0 ,广东文科生                                     ,今年高考成绩是551分，请问报读贵校被录取机率大吗？                                                                                          ,录取分数请参照我校近三年的录取情况。http://210.38.57.40/zsw                                                                                                                                     ,广东 ,2013
13,0 ,山西考生理科                                    ,贵校去年没有在山西招生，但2011和2010都有招生，超出一本线不到十分可以报贵校么                                                                          ,录取分数请参照我校近三年的录取情况。http://210.38.57.40/zsw                                                                                                                                     ,山西 ,2013
14,0 ,深圳考生                                      ,老师你好！我是深圳女理科生。今年考了566分。比一本低8分。可以上到贵校的口腔医学专业吗？                                                                       ,录取分数请参照我校近三年的录取情况。http://210.38.57.40/zsw                                                                                                                                     ,广东 ,2013
15,0 ,關於報考錄取問題                                  ,老師好。我是本省應屆考生，分數580，重點分數線574，想請教下我是否有機會被貴校臨床醫學5年制專業錄取？另外我想問下如果我填了服從分配是否會被調配到非臨床醫學那些2本專業？                             ,录取分数请参照我校近三年的录取情况。http://210.38.57.40/zsw                                                                                                                                     ,广东 ,2013
16,0 ,广东文科480分能上贵校专A的临床医学或者护理吗                  ,我是广东一位文科生，480分，能上贵校的临床医学、护理、药学等方面的专业吗？                                                                              ,录取分数请参照我校近三年的录取情况。http://210.38.57.40/zsw                                                                                                                                     ,广东 ,2013
17,0 ,报考                                        ,老师:您好我544分敢报考中西医临床医学吗?                                                                                              ,录取分数请参照我校近三年的录取情况。http://210.38.57.40/zsw                                                                                                                                     ,广东 ,2013
18,0 ,河南理科                                      ,"老师,河南理科考生544，能被贵校临床医学专业录取吗？几率大吗？"                                                                                  ,录取分数请参照我校近三年的录取情况。http://210.38.57.40/zsw                                                                                                                                     ,河南 ,2013
19,0 ,咨询                                        ,我为贵州理科考生（女），成绩为526分，高出一本77分，如果第一志愿报考贵校，请您给一些建议，谢谢！                                                                  ,录取分数请参照我校近三年的录取情况。http://210.38.57.40/zsw                                                                                                                                     ,贵州 ,2013
5 ,0 ,四川                                        ,贵校在川招收二本学生吗                                                                                                         ,我校是在一本招生。                                                                                                                                                                     ,四川 ,2013
6 ,0 ,录取可能性                                     ,老师你好，我是广西的考生，今年高考成绩是585分，我看过贵校往年在广西招生的分数，但是不知道我这个分数报考贵校的临床医学本硕连读被录取的可能性大吗？谢谢老师为我解惑，万分感谢！                            ,录取分数请参照我校近三年的录取情况。http://210.38.57.40/zsw                                                                                                                                     ,广西 ,2013
7 ,0 ,2013年在河南找2本专业有详细名称么                       ,老师好：请问贵校2013年在河南有招2本的专业么？能具体到专业名称么？还有我看去年在河南的招生计划，有地方协作的招生，这是什么意思啊？报考这类的考生有什么要求么？谢谢老师！                              ,2013年我校在河南是一本招生，招生专业是临床医学，地方协作是指河南省是广东省的协作省份，有一定的招生计划，应该对录取没有什么影响吧。                                                                                                           ,河南 ,2013
8 ,0 ,咨询                                        ,请问贵校文科类的考生能报什么专业?                                                                                                   ,我校2013年2A文科的专业YOU护理学、公共事业管理、应用心理学、法学、市场营销、信息管理与信息系统;3A的专业有临床医学、口腔医学、针灸推拿、护理、助产、医学检验技术、医学影像技术、药学、康复治疗技术                                                                        ,广东 ,2013
9 ,0 ,临床医学专业                                    ,请问贵校的临床医学专业2010年在陕西录取的最低线和最高线分别是多少？（二本）                                                                             ,不好意思，本校去年及今年在陕西没有招生计划                                                                                                                                                         ,陕西 ,2011
10,0 ,专科学院                                      ,您好，我想问一下临床医学专科的读三年，学的内容是不是跟那得本科一样的？                                                                                 ,会有所不同                                                                                                                                                                         ,广东 ,2011
11,0 ,我是文科考生                                    ,估分350能否读你们学校？                                                                                                       ,不行，本校在贵州只招收理科考生                                                                                                                                                               ,贵州 ,2011
12,0 ,咨询2010年三个专业在新疆的最低录取分数线                    ,老师好！我想报考贵校医学检验、医学影像学、麻醉学三个专业，想问一下在新疆的最低录取分数线，谢谢                                                                     ,对不起，去年在新疆没有录取学生，所以没有最低录取分数线                                                                                                                                                   ,新疆 ,2011
13,0 ,招生                                        ,请问贵校在河南招生吗，分数线如何？谢谢！                                                                                                ,我校今年在河南安排本科招生计划4人，全部招收护理学专业。由于去年没有在河南安排招生计划，故没有去年录取分数线数据。                                                                                                                     ,河南 ,2008
14,0 ,录取状况                                      ,贵校在广东的录取存在大小年的状况吗?                                                                                                  ,我校一直以来安排大量招生计划在本省招生，故没有存在大小年现象。                                                                                                                                               ,广东 ,2008
15,0 ,热切咨询                                      ,老师你好！我是广东一理科考生。请问如果近入贵校发现本专业不感性趣那能转专业吗？                                                                             ,我校不允许新生转专业，有关转专业的规定请浏览我校《广州医学院普通本科生转专业实施办法(试行)》http://210.38.57.79/POPshow.asp?id=124                                                                                         ,广东 ,2008
16,0 ,紧急咨询                                      ,老师你好，我是一个乙型肝炎表面抗原携带者（阳性）但是肝功能正常，转氨酶正常的考生。请问可以报考贵校医药类专业吗？我查过《普通高等学校招生体检工作指导意见》里面没有规定不可以报考，请问是不是表示可以报考医药类专业啊？         ,根据《普通高等学校招生体检工作指导意见》，表面抗原阳性，但肝功能正常考生报考我校医学类专业不受限制。                                                                                                                            ,广东 ,2008
17,0 ,咨询                                        ,请问贵校基础设施及宿舍环境怎样，如对被贵校录取的专业不满意，可否申请调专业，若可以，什么时候?还想请问一下贵校与广东医学院在临床（西医）方面哪个好                                           ,   我校不允许新生转专业，有关转专业的规定请浏览我校《广州医学院普通本科生转专业实施办法(试行)》http://210.38.57.79/POPshow.asp?id=124。   我校办学地点在广州市中心城区，毕业生就业区域以珠三角地区为主，学校拥有中国工程院院士1人，享受国务院政府特殊津贴专家29人，博士研究生导师44人，硕士...[详细],安徽 ,2008
18,0 ,河南理科估分480报临床医学                            ,请问老师，有希望吗？                                                                                                          ,由于去年没有在河南安排招生计划，故没有去年录取分数线数据。                                                                                                                                                 ,河南 ,2008
19,0 ,是否招收B本生?                                  ,"请问分数没上贵校的最低录取线时,第一志愿是否可以填报贵校的二本B线?"                                                                                ,我校本专科分别在第二批A线和第三批A线招生，没有B线招生计划。                                                                                                                                               ,广东 ,2008
5 ,0 ,咨询                                        ,老师你好，请问贵校今年估计录取分数到达多少分？我是广东外市理科的。                                                                                   ,我校去年在非广州市生源招收的理科生，最低投档线为532分。                                                                                                                                                 ,广东 ,2008
6 ,0 ,咨询                                        ,请问贵校有哪些强势专业，例如省名牌等。再请问如果广东外市理科520分能考进贵校的医药学类专业吗？                                                                    ,   学校现有国家级精品课程1门，省级精品课程5门，市级精品课程10门，校级精品课程14门。省级优秀课程2门，省级重点课程11门，市级重点课程9门。临床医学是国家特殊建设专业，临床医学、医学检验、医学影像学是广东省名牌专业，临床医学、医学检验、医学影像学和护理学是广州市名牌专业。基础医...[详细]                        ,广东 ,2008
7 ,0 ,咨询                                        ,老师你好啊，我想问一下贵校医学类的录取分数以及最高分、最低分分别是多少？我是广东一考生但不是广州市的。                                                                 ,我校医学类专业绝大多数招收理科考生，去年招收非广州市生源理科考生最低分为532分。                                                                                                                                     ,广东 ,2008
8 ,0 ,咨询                                        ,老师你好，请问一下贵校医药学类专业对身体方面有什么要求吗？我是一个乙肝表面抗原程阳性但是肝功能正常，转氨酶正常的考生                                                          ,根据《普通高等学校招生体检工作指导意见》，表面抗原阳性，但肝功能正常考生报考我校医学类专业不受限制。                                                                                                                            ,广东 ,2008
9 ,0 ,录取??                                      ,"请问,512是否有机会被录取??"                                                                                                  ,请问是文科考生还是理科考生？                                                                                                                                                                ,广东 ,2008
10,0 ,我想学医                                      ,"老师您好!~我是陕西一考生,今年估分过二本线三十多分,报考贵校有把握吗?有多大把握?请速回~谢!~"                                                                 ,很遗憾，我校今年在陕西省没有安排招生计划                                                                                                                                                          ,宁夏 ,2008
11,0 ,???                                       ,"我是一所普通医学本科院校的大一学生如果我通过了广东省举行的“本科插班生入学考试”,我在贵校就读能得到你们学校的学位证书吗?在贵校读书还需要满足什么条件?"                                      ,如果是考入我院的本科插班生，在校就读两年，如果符合学位授予条件，可以授予我院学士学位证书。                                                                                                                                 ,海南 ,2006
12,0 ,"老师你好,我是山东青岛的理科考生,如果这次分数在500-510有无可能报考该校?","老师你好,我是山东青岛的理科考生,如果这次分数在500-510有无可能报考该校?"                                                                          ,我院2006年在山东没有安排招生计划                                                                                                                                                            ,山东 ,2006
13,0 ,老师好:                                      ,"我是一个乙肝病毒携带者,肝功能正常,能报考你们学校吗?你们学校对这样的学生有什么样的要求?谢谢."                                                                  ,我院2006年在河北省没有安排招生计划                                                                                                                                                           ,河北 ,2006
14,0 ,您好                                        ,贵校是否为第二批次录取学校?今年在山东计划多少?                                                                                            ,我院2006年在山东省没有安排招生计划                                                                                                                                                           ,山东 ,2006
15,0 ,"请问老师,贵校06年是否在重庆招生?"                      ,"老师您好,我是重庆一普通考生,请问老师贵校06年是否在重庆招收专科或本科学生?招生计划是?"                                                                     ,我院在2006年在重庆安排招生计划9人，全部是本科                                                                                                                                                     ,重庆 ,2006
16,0 ,广州医学院2006是否在湖北招生？                         ,广州医学院2006年是否在湖北招生，为何湖北招生信息网上没有公布，若招生计划名额是多少它的代码为多少                                                                  ,我院今年在湖北省安排有招生计划10人，在第二批本科（一）批次录取，在湖北招生代码为“3034”。湖北招生信息网上已有公布，请查阅。                                                                                                             ,湖北 ,2006
17,0 ,江西理科490分，报贵校有希望不？谢谢                       ,re                                                                                                                  ,我院今年在江西省暂没有安排招生计划                                                                                                                                                             ,江西 ,2006
18,0 ,我是安徽的考生，咨询                                ,文科估分在520左右能否报贵校的专业                                                                                                  ,我院今年第一年在安徽省安排招生计划，没有往年的录取情况做参考。要在当地本科最低控制分数线以上由高分到低分按计划数择优录取。                                                                                                                 ,安徽 ,2006
19,0 ,咨询                                        ,我是新疆考生，估分在４９０到５００之间，能否上贵校本科？                                                                                        ,我院今年没有在新疆安排招生计划                                                                                                                                                               ,新疆 ,2006
5 ,0 ,咨询                                        ,我是新疆考生，估分在490到500之间，能否上贵校本科？                                                                                        ,我院今年在新疆没有安排招生计划                                                                                                                                                               ,新疆 ,2006
6 ,0 ,你好                                        ,该校是否在河北招生?                                                                                                          ,我校今年在河北暂没有安排招生计划                                                                                                                                                              ,河北 ,2006
7 ,0 ,早上好啊                                      ,请问如果残疾人报考贵校在分数达到录取线的前提下会被照常录取吗？谢谢老师！                                                                                ,在不影响专业就读的情况下会照常录取                                                                                                                                                             ,河南 ,2006
8 ,0 ,贵校在河南理科最低录取分数，是否降分？500分有望录取？？             ,贵校在河南理科最低录取分数，是否降分？500分有望录取？？                                                                                       ,我院2006年在河南省暂不安排招生计划                                                                                                                                                           ,河南 ,2006
9 ,0 ,分数                                        ,请问上年本A录取分几多啊>?                                                                                                      ,我院2005年在广东省第二批A线录取最低分为559分。                                                                                                                                                   ,广东 ,2006
10,0 ,江西考生                                      ,老师你好：我很想读贵校，请你把2002--2005年在江西的录取情况告诉我，比如最低度分和最高分。aylsjxpr@163.com                                                   ,我院2006年在江西省暂不安排招生计划                                                                                                                                                           ,江西 ,2006
11,0 ,机会                                        ,"该校某些专业是招政治生的,请问政治生与理科生被录取的机会均等吗?或者政治生要比理科生高多少分才会被录取"                                                               ,我院各专业要求的选考科目之间是平等的，政治生和理科生被录取的机会均等。                                                                                                                                           ,广东 ,2006
12,0 ,询问                                        ,"我想请问一下,患有乙肝可以报考你们学校吗"                                                                                              ,如果乙肝两对半检查有异常，只要肝功能检查正常，就可以报考我校。                                                                                                                                               ,广东 ,2006
13,0 ,咨询                                        ,你好，请问今年在江西招收的人数是？                                                                                                   ,我院2006年在江西省暂不安排招生计划                                                                                                                                                           ,江西 ,2006
14,0 ,贵校专科插本科需要读多多少年                            ,贵校专科插本科需要读多多少年                                                                                                      ,专科插本科要通过广东省组织的“本科插班生入学考试”，通过考试被录取后再就读两年。                                                                                                                                      ,北京 ,2006
15,0 ,贵校专科生本科需要读多多少年                            ,贵校专科生本科需要读多多少年                                                                                                      ,如果是专科插本科，通过广东省“本科插班生入学考试”录取后，再就读两年本科毕业。                                                                                                                                       ,北京 ,2006
16,0 ,请问你们学校第三批A线是否录取第二志愿的考生??                  ,请问你们学校第三批A线是否录取第二志愿的考生??                                                                                            ,我院去年在第三批A线有录取第二志愿考生                                                                                                                                                           ,广东 ,2006
17,0 ,在福建招收人数专业                                 ,在福建招收人数专业                                                                                                           ,我院2006年在福建省计划招生8人，全部为本科                                                                                                                                                       ,北京 ,2006
18,0 ,如果第一志愿报本校，最低要多少分阿？                        ,如果第一志愿报本校，最低要多少分阿？是不是，不同专业不同的阿！就业率还好吗？                                                                              ,å¹¿ä¸çåæ¬ç§ç¬¬ä¸å¿æ¿å¡«æ¥ææ ¡ï¼å¹¿å·å¸çæºå»å¹´æä½559åï¼éå¹¿å·å¸çæºæä½598åãä¸ç§ç¬¬ä¸å¿æ¿å¡«æ¥...[详细]                             ,广东 ,2006
19,0 ,请问你们学校招第二志愿护理专业的学生吗（第三批A线）                ,请问你们学校去年招第二志愿护理专业的学生吗（第三批A线）                                                                                        ,我院去年在第三批A线录取过第二志愿护理专业的学生                                                                                                                                                      ,广东 ,2006
5 ,0 ,临床医学专业                                    ,请问贵校临床医学专业是否会招乙肝表面抗原呈阳性的考生？                                                                                         ,如果肝功能正常会被录取                                                                                                                                                                   ,江西 ,2006
6 ,0 ,专A第二志愿报贵校是否降分啊                            ,专A第二志愿报贵校是否降分啊                                                                                                      ,我院志愿间不设级差，专科第二志愿报我校不降分                                                                                                                                                        ,广东 ,2006
7 ,0 ,请问应用心理学的教学水平                              ,老师：请问贵校应用心理学专业的教学水平如何？师资力量如何？有什么优势？                                                                                 ,应用心理学专业旨在培养具备扎实的基础心理学和基础医学的理论知识，具有熟练的应用心理学与临床医学的基本技能，毕业后能在各级医疗机构、学校、政府机关、企业和社区等部门从事心理学咨询与治疗、心理健康教育、心理卫生保健及相关工作的高级应用心理学专业人才。学生在校期间主要修读普通...[详细]                                ,广东 ,2006
8 ,0 ,以我广一模的成绩５９６分被该校录取的机率多大？                   ,以我广一模的成绩５９６分被该校录取的机率多大？                                                                                             ,在广东省内该分数如果第一志愿填报我校，如果是广州市生源被录取机会很大，如果是非广州市生源可能被录取。                                                                                                                            ,广东 ,2006
9 ,0 ,我想知道的                                     ,请问贵校今年分数是多少?我是参加3+证书考试的                                                                                             ,我院去年录取3＋证书考生最低分500分，估计今年会有所下降                                                                                                                                                 ,广东 ,2006
10,0 ,你校的录取批次如何安排？招生规模与招生专业情况怎样？                ,今年大概多少分录取                                                                                                           ,我院本科在第二批A线，专科在第三批A线录取，具体招生计划和招生专业介绍请查阅我院招生网站http://210.38.57.51/a5/index.asp                                                                                                  ,广东 ,2006
11,0 ,560能读上临床吗?                                ,????                                                                                                                ,在广东省考560分，在本科读临床医学专业机会不大，在专科读临床医学专业机会很大                                                                                                                                       ,广东 ,2006
12,0 ,广州市户籍的考生在外市（本省）已办借考手续，是否有优惠。              ,广州市户籍的考生在外市（本省）已办借考手续，报考广州医学院是否有优惠。                                                                                 ,如果省考试中心按照广州市生源投档，则按广州市生源录取；如果按照外市生源投档，则按外市生源录取。                                                                                                                               ,广东 ,2006
13,0 ,临床最低收多少???/                               ,?????????????????????                                                                                               ,我院招收各专业广州市生源本科最低559分，非广州市生源本科最低598分。                                                                                                                                          ,广东 ,2006
14,0 ,关于体检                                      ,贵校对医药和化工专业的学生视力要求在800度以内，在是什么一个概念，是近视度在800度以内吗？                                                                     ,指矫正到4.8的视力需要镜片度数小于800度                                                                                                                                                        ,广东 ,2006
15,0 ,临床医学(全科医学方向)                              ,临床医学(全科医学方向)与临床医学有什么区别?                                                                                             ,临床医学临床医学是一门研究疾病的发生、发展规律及其诊断、治疗和预防的科学。通过系统的培养使学生掌握现代医学的基础理论、基本知识和基本技能，具有较强的分析问题、解决问题的能力和一定的科学研究工作能力。学生在校期间主要修读人体解剖学、生理学、生物化学、病理学、药理学、诊断学...[详细]                                ,广东 ,2006
16,0 ,高考                                        ,想问一下该校的校址在哪里?还有高考录取和招生情况                                                                                            ,我校院本部地址在广州市东风西路195号                                                                                                                                                           ,广东 ,2006
17,0 ,该校在福建招生要多少分，                              ,第二志愿有机会吗？                                                                                                           ,我校去年在福建省均在第一志愿录取，最低分488分                                                                                                                                                      ,福建 ,2006
18,0 ,录取分数线是多少?                                 ,"广州户籍的考生录取分数是否有优惠,优惠多少?"                                                                                            ,对广州市生源在分数上没有优惠，在计划数上我院有一半以上的计划招广州市生源，故分数相对非广州市生源要低。                                                                                                                           ,广东 ,2006
19,0 ,请问我一眼700一眼800能否就读本校医学类                    ,请问我一眼700一眼800能否就读本校医学类                                                                                              ,可以                                                                                                                                                                            ,广东 ,2006
0 ,0 ,录取                                        ,老师你好！我是贵州理科考生，555分，8999名，请问能不能被贵校录取？                                                                                ,你好，去年我校录取的贵州理科考生，排位最高的是临床医学专业，排位9804。你的排位比较高，报考我校希望很大。                                                                                                                        ,贵州 ,2021
1 ,0 ,录取                                        ,广东历史化学政治542分有机会录取吗？                                                                                                 ,今年我校录取的历史考生最低排位在21000到17000左右，详情可在广州医科大学的官方微信公众号查看。                                                                                                                           ,广东 ,2021
2 ,0 ,了解报专业                                     ,排名二万伍千名报口腔医学成功率有多少呢？报了口腔再报临床医学可以吗？                                                                                  ,去年我校录取的口腔医学专业最低排位22000，临床医学最低排位28000。详情可在广州医科大学的官方微信公众号查看。报了口腔可以再报临床医学，没问题。你的排位也适合这样填，冲口腔，临床较稳。                                                                               ,广东 ,2021
3 ,0 ,录取                                        ,老师您好，我是今年的广东历史类考生，分数552排名17351，报考贵校的药学或中西医临床医学有机会被录取吗？                                                              ,去年我校录取的历史考生在中医学专业的最低排位是17000左右，详情可查看广州医科大学官方微信公众号。药学是首次在历史类招生，没有往年数据参考。我校历史组还有其他专业，例如医学检验技术、医学技术类，都可以选择，都有机会。                                                                 ,广东 ,2021
4 ,0 ,咨询临床医学                                    ,黑龙江理科527，排名11397，临床医学是否可以？                                                                                          ,我校不在黑龙江省招生。                                                                                                                                                                   ,黑龙江,2021
5 ,0 ,广州医学院在湖北是否有招生计划名额人数为多少                    ,广州医学院在湖北省是否有招生计划招生多少人                                                                                               ,我院今年计划在湖北招生10名。                                                                                                                                                               ,湖北 ,2006
6 ,0 ,你好，老师                                     ,老师，你好，我是位学生家长，我想咨询下咱们学校生物类专业有哪些？这些专业在咱们广东前两年的录取情况大概是个啥样子？谢谢你                                                        ,请查阅我院招生宣传网站http://210.38.57.51/a5/index.asp                                                                                                                                   ,广东 ,2006
7 ,0 ,请问                                        ,你好，请问你们学校去年专科多少分开始录取啊？                                                                                              ,我院去年在广东省录取专科生最低分498分。                                                                                                                                                         ,广东 ,2006
